branch_id,branch_name,address,complaint_text,complaint_date,resolve_date,employee_experience,staff_count,daily_customers,service_windows,atm_count,training_hours,monthly_income,new_staff_count,competitor_count
101,市中心支行,北京市朝阳区建国路100号,ATM机又坏了，这周第三次了,2023-03-31,2023-04-03,4.06,17,370,5,5,30,10734,2,3
102,西区支行,上海市徐汇区淮海中路200号,转账手续费太高，没有提前告知,2023-02-10,2023-02-12,1.45,15,187,7,5,49,13322,2,1
103,东湖支行,武汉市武昌区东湖路50号,ATM机又坏了，这周第三次了,2023-05-02,2023-05-04,9.71,16,393,4,5,30,6184,4,2
104,高新支行,深圳市南山区科技园路88号,系统故障导致转账失败，资金被冻结,2023-06-26,2023-06-27,5.49,16,444,3,4,37,7747,4,3
105,北站支行,广州市天河区天河路300号,排队时间太长，等了1个多小时还没轮到,2023-02-18,2023-02-19,4.83,19,150,6,4,12,8556,3,3
106,南湖支行,杭州市西湖区南山路120号,柜员态度很差，办理业务时一直不耐烦,2023-04-10,2023-04-15,2.12,11,373,6,2,23,13433,2,1
107,大学城支行,南京市鼓楼区汉口路22号,ATM机又坏了，这周第三次了,2023-01-07,2023-01-12,0.65,6,439,6,4,16,15748,4,3
108,开发区支行,天津市滨海新区泰达大道66号,理财产品收益与承诺不符,2023-06-22,2023-06-27,2.15,5,149,6,3,15,15805,2,4
109,机场支行,成都市双流区机场路500号,理财产品收益与承诺不符,2023-05-07,2023-05-12,2.26,19,317,6,3,19,15173,4,2
110,港口支行,青岛市黄岛区港口路88号,柜员态度很差，办理业务时一直不耐烦,2023-06-13,2023-06-17,7.41,19,314,6,2,49,12892,4,1
101,市中心支行,北京市朝阳区建国路100号,排队时间太长，等了1个多小时还没轮到,2023-04-17,2023-04-19,3.08,9,379,4,2,38,7062,1,1
102,西区支行,上海市徐汇区淮海中路200号,排队时间太长，等了1个多小时还没轮到,2023-05-15,2023-05-17,0.65,13,443,3,5,17,14687,3,3
103,东湖支行,武汉市武昌区东湖路50号,理财产品收益与承诺不符,2023-06-25,2023-06-26,2.39,12,262,5,2,14,8561,3,2
104,高新支行,深圳市南山区科技园路88号,柜员态度很差，办理业务时一直不耐烦,2023-02-20,2023-02-22,1.6,11,300,6,3,42,12215,3,3
105,北站支行,广州市天河区天河路300号,信用卡年费收取后拒绝退还,2023-01-13,2023-01-17,6.85,9,198,6,5,31,13154,3,1
106,南湖支行,杭州市西湖区南山路120号,转账手续费太高，没有提前告知,2023-04-22,2023-04-26,4.14,19,230,3,2,35,5502,3,2
107,大学城支行,南京市鼓楼区汉口路22号,系统故障导致转账失败，资金被冻结,2023-05-27,2023-06-01,5.19,13,306,4,3,22,12858,3,4
108,开发区支行,天津市滨海新区泰达大道66号,ATM机又坏了，这周第三次了,2023-06-09,2023-06-12,6.55,8,195,6,3,46,12574,3,1
109,机场支行,成都市双流区机场路500号,理财产品收益与承诺不符,2023-02-04,2023-02-06,5.63,17,135,7,5,16,14914,3,2
110,港口支行,青岛市黄岛区港口路88号,转账手续费太高，没有提前告知,2023-06-09,2023-06-11,8.86,14,144,3,2,15,18083,4,4
101,市中心支行,北京市朝阳区建国路100号,转账手续费太高，没有提前告知,2023-03-19,2023-03-20,2.27,18,430,4,4,37,10592,3,2
102,西区支行,上海市徐汇区淮海中路200号,信用卡年费收取后拒绝退还,2023-02-22,2023-02-25,1.55,13,382,3,5,22,10864,3,3
103,东湖支行,武汉市武昌区东湖路50号,柜员态度很差，办理业务时一直不耐烦,2023-02-14,2023-02-19,2.06,15,236,7,2,33,6998,3,2
104,高新支行,深圳市南山区科技园路88号,ATM机又坏了，这周第三次了,2023-02-13,2023-02-17,2.58,12,332,6,2,21,8581,3,2
105,北站支行,广州市天河区天河路300号,信用卡年费收取后拒绝退还,2023-06-19,2023-06-20,7.27,9,212,3,4,11,9737,4,2
106,南湖支行,杭州市西湖区南山路120号,转账手续费太高，没有提前告知,2023-06-11,2023-06-15,0.81,5,484,5,3,11,10172,4,2
107,大学城支行,南京市鼓楼区汉口路22号,新员工业务不熟，办个业务花了40分钟,2023-02-21,2023-02-22,9.86,11,423,5,5,26,13958,2,4
108,开发区支行,天津市滨海新区泰达大道66号,信用卡年费收取后拒绝退还,2023-02-19,2023-02-22,4.97,6,297,5,4,25,13800,1,4
109,机场支行,成都市双流区机场路500号,ATM机又坏了，这周第三次了,2023-05-31,2023-06-01,5.33,17,358,6,5,45,11546,2,3
110,港口支行,青岛市黄岛区港口路88号,ATM机又坏了，这周第三次了,2023-05-10,2023-05-12,8.19,8,451,6,2,42,6959,4,3
101,市中心支行,北京市朝阳区建国路100号,ATM机又坏了，这周第三次了,2023-02-11,2023-02-14,9.4,5,366,6,2,34,19257,3,3
102,西区支行,上海市徐汇区淮海中路200号,转账手续费太高，没有提前告知,2023-03-19,2023-03-24,8.83,7,362,6,5,35,13815,1,4
103,东湖支行,武汉市武昌区东湖路50号,窗口太少，中午只有2个窗口开放,2023-04-24,2023-04-25,5.53,6,484,6,2,46,18471,3,3
104,高新支行,深圳市南山区科技园路88号,新员工业务不熟，办个业务花了40分钟,2023-01-06,2023-01-08,3.72,7,246,5,5,33,11197,4,1
105,北站支行,广州市天河区天河路300号,理财产品收益与承诺不符,2023-05-13,2023-05-17,6.6,15,212,6,3,49,17115,2,3
106,南湖支行,杭州市西湖区南山路120号,窗口太少，中午只有2个窗口开放,2023-02-13,2023-02-17,4.04,13,198,3,2,27,19207,2,2
107,大学城支行,南京市鼓楼区汉口路22号,柜员态度很差，办理业务时一直不耐烦,2023-03-01,2023-03-05,5.11,7,307,7,2,45,13352,4,1
108,开发区支行,天津市滨海新区泰达大道66号,VIP客户插队，普通客户等待时间过长,2023-02-07,2023-02-10,5.19,8,483,5,2,42,15927,4,3
109,机场支行,成都市双流区机场路500号,转账手续费太高，没有提前告知,2023-03-28,2023-03-31,3.99,11,121,7,4,17,8354,3,2
110,港口支行,青岛市黄岛区港口路88号,柜员态度很差，办理业务时一直不耐烦,2023-02-19,2023-02-24,3.83,5,383,3,2,28,12683,3,4
101,市中心支行,北京市朝阳区建国路100号,窗口太少，中午只有2个窗口开放,2023-01-25,2023-01-30,6.63,5,271,6,3,38,6069,1,2
102,西区支行,上海市徐汇区淮海中路200号,转账手续费太高，没有提前告知,2023-05-20,2023-05-23,4.02,13,136,7,2,40,8170,4,1
103,东湖支行,武汉市武昌区东湖路50号,系统故障导致转账失败，资金被冻结,2023-03-10,2023-03-11,1.22,17,260,5,5,27,6816,2,3
104,高新支行,深圳市南山区科技园路88号,系统故障导致转账失败，资金被冻结,2023-03-20,2023-03-24,8.52,7,459,4,5,31,6686,2,3
105,北站支行,广州市天河区天河路300号,柜员态度很差，办理业务时一直不耐烦,2023-06-13,2023-06-15,5.42,6,372,3,2,48,10596,2,3
106,南湖支行,杭州市西湖区南山路120号,信用卡年费收取后拒绝退还,2023-04-16,2023-04-20,4.49,6,112,6,3,16,12992,4,1
107,大学城支行,南京市鼓楼区汉口路22号,VIP客户插队，普通客户等待时间过长,2023-01-04,2023-01-05,2.35,12,499,6,4,32,14358,4,2
108,开发区支行,天津市滨海新区泰达大道66号,窗口太少，中午只有2个窗口开放,2023-05-04,2023-05-05,1.39,11,441,5,2,31,11457,2,2
109,机场支行,成都市双流区机场路500号,VIP客户插队，普通客户等待时间过长,2023-05-12,2023-05-14,2.88,14,425,5,5,46,19599,1,4
110,港口支行,青岛市黄岛区港口路88号,ATM机又坏了，这周第三次了,2023-02-05,2023-02-06,2.55,9,202,6,3,41,12027,2,3
101,市中心支行,北京市朝阳区建国路100号,系统故障导致转账失败，资金被冻结,2023-05-13,2023-05-17,7.15,12,407,7,3,39,14874,1,4
102,西区支行,上海市徐汇区淮海中路200号,排队时间太长，等了1个多小时还没轮到,2023-06-08,2023-06-09,3.07,16,157,4,2,35,13308,2,3
103,东湖支行,武汉市武昌区东湖路50号,系统故障导致转账失败，资金被冻结,2023-02-01,2023-02-06,4.57,16,228,4,3,10,16041,4,2
104,高新支行,深圳市南山区科技园路88号,VIP客户插队，普通客户等待时间过长,2023-04-14,2023-04-17,1.39,13,336,7,2,25,18500,3,4
105,北站支行,广州市天河区天河路300号,信用卡年费收取后拒绝退还,2023-04-13,2023-04-15,5.77,10,448,5,5,35,6679,3,1
106,南湖支行,杭州市西湖区南山路120号,新员工业务不熟，办个业务花了40分钟,2023-06-05,2023-06-08,1.64,17,319,7,4,39,19061,2,4
107,大学城支行,南京市鼓楼区汉口路22号,排队时间太长，等了1个多小时还没轮到,2023-06-15,2023-06-16,2.17,14,440,6,2,39,9452,3,2
108,开发区支行,天津市滨海新区泰达大道66号,系统故障导致转账失败，资金被冻结,2023-03-01,2023-03-03,6.35,9,199,4,5,40,11905,3,2
109,机场支行,成都市双流区机场路500号,理财产品收益与承诺不符,2023-06-13,2023-06-18,5.26,12,424,7,5,25,7839,4,3
110,港口支行,青岛市黄岛区港口路88号,柜员态度很差，办理业务时一直不耐烦,2023-02-21,2023-02-23,9.47,16,483,5,5,33,15123,2,3
101,市中心支行,北京市朝阳区建国路100号,转账手续费太高，没有提前告知,2023-05-13,2023-05-18,6.61,5,278,5,2,21,13002,1,1
102,西区支行,上海市徐汇区淮海中路200号,系统故障导致转账失败，资金被冻结,2023-05-13,2023-05-14,6.69,15,143,7,2,21,10726,2,2
103,东湖支行,武汉市武昌区东湖路50号,理财产品收益与承诺不符,2023-04-08,2023-04-13,0.87,6,134,3,3,17,11748,2,2
104,高新支行,深圳市南山区科技园路88号,系统故障导致转账失败，资金被冻结,2023-04-19,2023-04-22,0.72,6,214,3,4,13,5825,1,2
105,北站支行,广州市天河区天河路300号,新员工业务不熟，办个业务花了40分钟,2023-04-22,2023-04-27,6.47,17,475,6,2,30,12164,1,4
106,南湖支行,杭州市西湖区南山路120号,柜员态度很差，办理业务时一直不耐烦,2023-03-21,2023-03-22,2.19,13,291,5,2,44,9079,4,2
107,大学城支行,南京市鼓楼区汉口路22号,窗口太少，中午只有2个窗口开放,2023-01-13,2023-01-15,2.88,12,250,7,5,22,15518,1,3
108,开发区支行,天津市滨海新区泰达大道66号,排队时间太长，等了1个多小时还没轮到,2023-03-15,2023-03-18,1.48,5,468,6,5,34,6365,1,3
109,机场支行,成都市双流区机场路500号,转账手续费太高，没有提前告知,2023-04-30,2023-05-05,1.45,8,495,7,2,28,9171,1,3
110,港口支行,青岛市黄岛区港口路88号,ATM机又坏了，这周第三次了,2023-03-05,2023-03-07,9.59,19,483,6,4,25,9980,1,3
101,市中心支行,北京市朝阳区建国路100号,窗口太少，中午只有2个窗口开放,2023-04-17,2023-04-18,6.22,8,478,7,5,32,6167,1,3
102,西区支行,上海市徐汇区淮海中路200号,柜员态度很差，办理业务时一直不耐烦,2023-04-09,2023-04-14,1.37,14,285,4,2,44,10334,1,3
103,东湖支行,武汉市武昌区东湖路50号,系统故障导致转账失败，资金被冻结,2023-04-24,2023-04-26,7.21,19,175,3,3,26,16516,2,3
104,高新支行,深圳市南山区科技园路88号,柜员态度很差，办理业务时一直不耐烦,2023-02-13,2023-02-15,4.55,12,269,3,3,36,7681,2,1
105,北站支行,广州市天河区天河路300号,VIP客户插队，普通客户等待时间过长,2023-01-11,2023-01-15,5.38,10,438,7,2,31,13691,1,3
106,南湖支行,杭州市西湖区南山路120号,窗口太少，中午只有2个窗口开放,2023-05-19,2023-05-20,9.12,17,231,6,3,40,6810,1,4
107,大学城支行,南京市鼓楼区汉口路22号,转账手续费太高，没有提前告知,2023-01-21,2023-01-23,5.8,15,301,4,4,48,16714,1,1
108,开发区支行,天津市滨海新区泰达大道66号,柜员态度很差，办理业务时一直不耐烦,2023-05-21,2023-05-24,4.35,18,157,6,5,17,18116,3,1
109,机场支行,成都市双流区机场路500号,新员工业务不熟，办个业务花了40分钟,2023-05-30,2023-06-01,7.57,7,447,3,4,34,5823,1,2
110,港口支行,青岛市黄岛区港口路88号,理财产品收益与承诺不符,2023-05-27,2023-05-28,4.65,14,143,7,5,30,9175,2,1
101,市中心支行,北京市朝阳区建国路100号,ATM机又坏了，这周第三次了,2023-03-12,2023-03-14,9.93,9,263,5,4,29,16704,2,3
102,西区支行,上海市徐汇区淮海中路200号,转账手续费太高，没有提前告知,2023-06-21,2023-06-23,6.48,18,242,3,2,12,7703,3,1
103,东湖支行,武汉市武昌区东湖路50号,理财产品收益与承诺不符,2023-06-05,2023-06-10,9.19,14,323,6,5,37,9468,4,2
104,高新支行,深圳市南山区科技园路88号,理财产品收益与承诺不符,2023-04-05,2023-04-06,2.29,14,235,4,5,37,15971,1,1
105,北站支行,广州市天河区天河路300号,窗口太少，中午只有2个窗口开放,2023-04-08,2023-04-13,2.97,15,244,3,2,29,15700,4,4
106,南湖支行,杭州市西湖区南山路120号,柜员态度很差，办理业务时一直不耐烦,2023-02-25,2023-02-27,2.04,18,134,7,3,27,12026,4,1
107,大学城支行,南京市鼓楼区汉口路22号,转账手续费太高，没有提前告知,2023-06-03,2023-06-07,6.33,6,109,4,4,14,6015,1,2
108,开发区支行,天津市滨海新区泰达大道66号,新员工业务不熟，办个业务花了40分钟,2023-04-16,2023-04-21,8.2,19,276,5,2,35,9158,1,2
109,机场支行,成都市双流区机场路500号,转账手续费太高，没有提前告知,2023-05-01,2023-05-06,8.38,5,197,3,4,10,5404,4,3
110,港口支行,青岛市黄岛区港口路88号,柜员态度很差，办理业务时一直不耐烦,2023-03-22,2023-03-26,8.71,5,296,7,3,12,6460,3,1
101,市中心支行,北京市朝阳区建国路100号,ATM机又坏了，这周第三次了,2023-05-06,2023-05-08,7.4,14,182,3,2,23,11600,2,1
102,西区支行,上海市徐汇区淮海中路200号,转账手续费太高，没有提前告知,2023-05-06,2023-05-11,9.56,17,359,3,2,49,15015,2,4
103,东湖支行,武汉市武昌区东湖路50号,新员工业务不熟，办个业务花了40分钟,2023-06-26,2023-07-01,3.05,11,253,4,3,12,17154,2,4
104,高新支行,深圳市南山区科技园路88号,理财产品收益与承诺不符,2023-01-27,2023-01-31,8.26,16,488,5,2,26,9719,3,3
105,北站支行,广州市天河区天河路300号,VIP客户插队，普通客户等待时间过长,2023-04-11,2023-04-15,4.5,9,440,4,4,48,18051,2,2
106,南湖支行,杭州市西湖区南山路120号,VIP客户插队，普通客户等待时间过长,2023-06-02,2023-06-05,6.28,6,385,5,4,43,6331,1,2
107,大学城支行,南京市鼓楼区汉口路22号,转账手续费太高，没有提前告知,2023-01-31,2023-02-04,4.78,19,129,4,4,26,7180,1,4
108,开发区支行,天津市滨海新区泰达大道66号,信用卡年费收取后拒绝退还,2023-04-25,2023-04-27,4.86,5,429,3,5,29,16223,1,2
109,机场支行,成都市双流区机场路500号,系统故障导致转账失败，资金被冻结,2023-06-21,2023-06-25,6.4,6,304,5,4,20,6906,3,1
110,港口支行,青岛市黄岛区港口路88号,排队时间太长，等了1个多小时还没轮到,2023-06-14,2023-06-15,4.87,19,473,6,5,13,14911,1,3
101,市中心支行,北京市朝阳区建国路100号,ATM机又坏了，这周第三次了,2023-01-02,2023-01-06,8.81,15,192,4,2,28,12956,1,2
102,西区支行,上海市徐汇区淮海中路200号,系统故障导致转账失败，资金被冻结,2023-06-01,2023-06-05,3.15,17,121,7,3,10,19980,1,4
103,东湖支行,武汉市武昌区东湖路50号,信用卡年费收取后拒绝退还,2023-05-01,2023-05-03,2.46,6,177,4,2,36,12240,2,1
104,高新支行,深圳市南山区科技园路88号,柜员态度很差，办理业务时一直不耐烦,2023-03-20,2023-03-24,5.07,10,338,5,4,26,18337,4,1
105,北站支行,广州市天河区天河路300号,VIP客户插队，普通客户等待时间过长,2023-03-05,2023-03-08,1.3,7,352,6,4,31,13717,2,4
106,南湖支行,杭州市西湖区南山路120号,转账手续费太高，没有提前告知,2023-01-23,2023-01-28,4.0,12,485,7,3,23,18623,3,3
107,大学城支行,南京市鼓楼区汉口路22号,VIP客户插队，普通客户等待时间过长,2023-03-02,2023-03-04,7.03,11,337,5,4,27,12673,2,3
108,开发区支行,天津市滨海新区泰达大道66号,ATM机又坏了，这周第三次了,2023-03-06,2023-03-09,4.27,13,218,7,5,19,6062,1,1
109,机场支行,成都市双流区机场路500号,信用卡年费收取后拒绝退还,2023-02-08,2023-02-09,2.51,14,225,6,2,26,8596,4,1
110,港口支行,青岛市黄岛区港口路88号,ATM机又坏了，这周第三次了,2023-01-07,2023-01-10,6.95,7,332,7,3,45,9206,2,2
101,市中心支行,北京市朝阳区建国路100号,新员工业务不熟，办个业务花了40分钟,2023-04-27,2023-04-30,5.8,12,468,6,4,46,18829,4,2
102,西区支行,上海市徐汇区淮海中路200号,信用卡年费收取后拒绝退还,2023-06-18,2023-06-23,6.27,15,414,7,3,46,16640,1,1
103,东湖支行,武汉市武昌区东湖路50号,系统故障导致转账失败，资金被冻结,2023-04-30,2023-05-04,1.47,10,169,6,3,20,8517,2,2
104,高新支行,深圳市南山区科技园路88号,信用卡年费收取后拒绝退还,2023-05-12,2023-05-14,2.15,11,236,5,4,40,6063,1,4
105,北站支行,广州市天河区天河路300号,排队时间太长，等了1个多小时还没轮到,2023-06-28,2023-06-30,9.97,10,421,6,5,20,13195,3,2
106,南湖支行,杭州市西湖区南山路120号,转账手续费太高，没有提前告知,2023-05-02,2023-05-03,9.76,18,161,3,3,24,15954,4,2
107,大学城支行,南京市鼓楼区汉口路22号,信用卡年费收取后拒绝退还,2023-05-21,2023-05-23,3.16,16,232,4,3,13,15002,4,1
108,开发区支行,天津市滨海新区泰达大道66号,柜员态度很差，办理业务时一直不耐烦,2023-06-20,2023-06-25,7.49,16,146,3,3,23,17607,2,1
109,机场支行,成都市双流区机场路500号,排队时间太长，等了1个多小时还没轮到,2023-04-18,2023-04-21,5.31,19,455,7,4,12,8744,2,2
110,港口支行,青岛市黄岛区港口路88号,信用卡年费收取后拒绝退还,2023-03-21,2023-03-24,4.82,9,237,6,3,22,10287,2,4
101,市中心支行,北京市朝阳区建国路100号,VIP客户插队，普通客户等待时间过长,2023-05-12,2023-05-17,2.92,9,428,3,2,20,16150,4,2
102,西区支行,上海市徐汇区淮海中路200号,新员工业务不熟，办个业务花了40分钟,2023-04-28,2023-05-03,4.41,18,194,3,2,23,6908,4,3
103,东湖支行,武汉市武昌区东湖路50号,理财产品收益与承诺不符,2023-03-05,2023-03-08,9.41,16,134,3,5,31,16835,4,1
104,高新支行,深圳市南山区科技园路88号,系统故障导致转账失败，资金被冻结,2023-03-11,2023-03-12,1.83,13,328,6,3,44,9820,1,1
105,北站支行,广州市天河区天河路300号,柜员态度很差，办理业务时一直不耐烦,2023-03-04,2023-03-07,2.74,18,161,6,2,34,15641,4,4
106,南湖支行,杭州市西湖区南山路120号,理财产品收益与承诺不符,2023-04-07,2023-04-08,4.67,18,387,5,2,47,10984,3,3
107,大学城支行,南京市鼓楼区汉口路22号,柜员态度很差，办理业务时一直不耐烦,2023-02-19,2023-02-24,5.28,13,244,3,4,11,6997,1,4
108,开发区支行,天津市滨海新区泰达大道66号,信用卡年费收取后拒绝退还,2023-01-04,2023-01-06,2.68,11,297,5,4,17,19889,4,4
109,机场支行,成都市双流区机场路500号,新员工业务不熟，办个业务花了40分钟,2023-05-12,2023-05-17,8.04,17,388,6,3,48,5922,4,1
110,港口支行,青岛市黄岛区港口路88号,VIP客户插队，普通客户等待时间过长,2023-05-11,2023-05-12,1.94,5,388,6,3,11,9612,3,2
101,市中心支行,北京市朝阳区建国路100号,排队时间太长，等了1个多小时还没轮到,2023-03-07,2023-03-08,3.75,10,496,6,2,33,12863,3,1
102,西区支行,上海市徐汇区淮海中路200号,VIP客户插队，普通客户等待时间过长,2023-04-20,2023-04-23,5.63,17,146,6,5,11,5094,3,3
103,东湖支行,武汉市武昌区东湖路50号,系统故障导致转账失败，资金被冻结,2023-03-28,2023-03-30,5.87,14,398,5,2,29,17298,2,2
104,高新支行,深圳市南山区科技园路88号,理财产品收益与承诺不符,2023-04-22,2023-04-26,3.75,10,299,4,3,21,15457,1,4
105,北站支行,广州市天河区天河路300号,理财产品收益与承诺不符,2023-05-17,2023-05-20,5.31,13,210,6,4,21,12147,4,4
106,南湖支行,杭州市西湖区南山路120号,排队时间太长，等了1个多小时还没轮到,2023-01-15,2023-01-16,7.12,12,392,4,2,37,16641,1,2
107,大学城支行,南京市鼓楼区汉口路22号,柜员态度很差，办理业务时一直不耐烦,2023-03-11,2023-03-16,1.23,18,395,3,3,20,18718,1,2
108,开发区支行,天津市滨海新区泰达大道66号,转账手续费太高，没有提前告知,2023-03-18,2023-03-23,2.74,14,209,6,3,32,7872,1,3
109,机场支行,成都市双流区机场路500号,窗口太少，中午只有2个窗口开放,2023-03-23,2023-03-24,3.46,7,498,7,4,18,14524,1,2
110,港口支行,青岛市黄岛区港口路88号,ATM机又坏了，这周第三次了,2023-05-24,2023-05-29,8.13,9,253,3,4,34,6625,3,2
101,市中心支行,北京市朝阳区建国路100号,ATM机又坏了，这周第三次了,2023-04-07,2023-04-09,3.79,6,446,3,5,33,17312,3,4
102,西区支行,上海市徐汇区淮海中路200号,转账手续费太高，没有提前告知,2023-01-17,2023-01-22,4.48,12,260,3,2,31,7713,4,2
103,东湖支行,武汉市武昌区东湖路50号,信用卡年费收取后拒绝退还,2023-01-12,2023-01-14,6.8,11,436,6,2,29,8701,2,4
104,高新支行,深圳市南山区科技园路88号,理财产品收益与承诺不符,2023-05-26,2023-05-30,5.58,12,148,3,5,22,14181,3,3
105,北站支行,广州市天河区天河路300号,柜员态度很差，办理业务时一直不耐烦,2023-06-25,2023-06-26,2.49,7,417,7,2,38,13477,4,4
106,南湖支行,杭州市西湖区南山路120号,ATM机又坏了，这周第三次了,2023-05-31,2023-06-03,6.08,5,177,5,4,11,11645,4,1
107,大学城支行,南京市鼓楼区汉口路22号,窗口太少，中午只有2个窗口开放,2023-03-11,2023-03-14,4.31,10,418,6,2,17,17342,3,3
108,开发区支行,天津市滨海新区泰达大道66号,VIP客户插队，普通客户等待时间过长,2023-06-01,2023-06-02,4.05,14,465,4,5,42,19422,3,4
109,机场支行,成都市双流区机场路500号,理财产品收益与承诺不符,2023-06-09,2023-06-13,8.48,11,448,3,2,12,19295,3,3
110,港口支行,青岛市黄岛区港口路88号,新员工业务不熟，办个业务花了40分钟,2023-04-14,2023-04-16,5.3,12,153,3,4,46,11722,3,1
101,市中心支行,北京市朝阳区建国路100号,理财产品收益与承诺不符,2023-03-24,2023-03-28,5.79,12,390,5,5,13,10619,1,2
102,西区支行,上海市徐汇区淮海中路200号,窗口太少，中午只有2个窗口开放,2023-02-06,2023-02-09,2.45,19,410,4,4,19,13966,1,3
103,东湖支行,武汉市武昌区东湖路50号,信用卡年费收取后拒绝退还,2023-06-04,2023-06-06,8.56,17,135,7,5,27,13705,1,3
104,高新支行,深圳市南山区科技园路88号,柜员态度很差，办理业务时一直不耐烦,2023-01-28,2023-01-29,6.44,15,333,4,4,32,16382,4,4
105,北站支行,广州市天河区天河路300号,VIP客户插队，普通客户等待时间过长,2023-06-28,2023-07-03,6.43,10,355,3,3,44,10619,2,2
106,南湖支行,杭州市西湖区南山路120号,柜员态度很差，办理业务时一直不耐烦,2023-05-06,2023-05-09,7.91,5,301,5,3,32,9223,4,1
107,大学城支行,南京市鼓楼区汉口路22号,新员工业务不熟，办个业务花了40分钟,2023-03-15,2023-03-19,5.11,5,113,3,5,11,13428,1,3
108,开发区支行,天津市滨海新区泰达大道66号,窗口太少，中午只有2个窗口开放,2023-01-09,2023-01-14,2.57,10,334,6,3,38,16372,2,3
109,机场支行,成都市双流区机场路500号,新员工业务不熟，办个业务花了40分钟,2023-01-12,2023-01-13,6.99,10,245,7,3,45,13232,2,2
110,港口支行,青岛市黄岛区港口路88号,柜员态度很差，办理业务时一直不耐烦,2023-01-20,2023-01-22,5.76,13,477,6,4,31,17244,3,1
101,市中心支行,北京市朝阳区建国路100号,转账手续费太高，没有提前告知,2023-06-18,2023-06-22,3.03,15,267,4,5,16,16145,1,1
102,西区支行,上海市徐汇区淮海中路200号,排队时间太长，等了1个多小时还没轮到,2023-02-17,2023-02-20,4.48,16,289,4,3,11,8067,2,3
103,东湖支行,武汉市武昌区东湖路50号,柜员态度很差，办理业务时一直不耐烦,2023-01-08,2023-01-13,2.25,9,391,5,3,38,13340,3,4
104,高新支行,深圳市南山区科技园路88号,ATM机又坏了，这周第三次了,2023-05-31,2023-06-04,4.65,8,212,5,4,49,14442,2,2
105,北站支行,广州市天河区天河路300号,排队时间太长，等了1个多小时还没轮到,2023-05-06,2023-05-08,4.27,12,345,7,5,42,14977,4,3
106,南湖支行,杭州市西湖区南山路120号,新员工业务不熟，办个业务花了40分钟,2023-01-03,2023-01-06,2.99,7,343,5,2,43,19536,2,2
107,大学城支行,南京市鼓楼区汉口路22号,新员工业务不熟，办个业务花了40分钟,2023-05-13,2023-05-16,1.51,13,395,3,2,34,5060,3,4
108,开发区支行,天津市滨海新区泰达大道66号,VIP客户插队，普通客户等待时间过长,2023-03-30,2023-04-02,4.63,11,390,5,3,46,9203,4,3
109,机场支行,成都市双流区机场路500号,信用卡年费收取后拒绝退还,2023-02-24,2023-02-27,3.09,6,111,5,2,26,5329,1,3
110,港口支行,青岛市黄岛区港口路88号,ATM机又坏了，这周第三次了,2023-01-05,2023-01-06,5.45,16,417,5,5,40,7708,1,3
101,市中心支行,北京市朝阳区建国路100号,系统故障导致转账失败，资金被冻结,2023-05-14,2023-05-18,7.38,10,299,3,3,34,10387,3,3
102,西区支行,上海市徐汇区淮海中路200号,系统故障导致转账失败，资金被冻结,2023-02-26,2023-03-01,9.88,17,125,4,5,16,13592,3,2
103,东湖支行,武汉市武昌区东湖路50号,排队时间太长，等了1个多小时还没轮到,2023-03-16,2023-03-18,5.9,14,490,7,4,18,16122,4,4
104,高新支行,深圳市南山区科技园路88号,排队时间太长，等了1个多小时还没轮到,2023-01-27,2023-01-31,9.73,11,181,6,4,44,9497,3,2
105,北站支行,广州市天河区天河路300号,ATM机又坏了，这周第三次了,2023-06-14,2023-06-15,6.62,18,258,5,5,43,5130,1,3
106,南湖支行,杭州市西湖区南山路120号,VIP客户插队，普通客户等待时间过长,2023-03-14,2023-03-15,3.73,11,463,3,5,38,5920,1,2
107,大学城支行,南京市鼓楼区汉口路22号,VIP客户插队，普通客户等待时间过长,2023-03-25,2023-03-29,5.44,17,207,4,4,44,8241,2,2
108,开发区支行,天津市滨海新区泰达大道66号,柜员态度很差，办理业务时一直不耐烦,2023-01-09,2023-01-11,0.5,17,240,4,5,41,8810,3,3
109,机场支行,成都市双流区机场路500号,VIP客户插队，普通客户等待时间过长,2023-04-09,2023-04-10,0.59,17,417,7,5,25,8511,4,3
110,港口支行,青岛市黄岛区港口路88号,窗口太少，中午只有2个窗口开放,2023-01-12,2023-01-15,4.28,18,458,6,2,10,8760,3,1
101,市中心支行,北京市朝阳区建国路100号,信用卡年费收取后拒绝退还,2023-02-22,2023-02-27,3.87,18,423,4,3,46,12832,4,1
102,西区支行,上海市徐汇区淮海中路200号,柜员态度很差，办理业务时一直不耐烦,2023-03-26,2023-03-30,9.15,19,172,3,2,33,14155,4,3
103,东湖支行,武汉市武昌区东湖路50号,窗口太少，中午只有2个窗口开放,2023-04-13,2023-04-15,9.52,17,479,5,3,22,19561,1,3
104,高新支行,深圳市南山区科技园路88号,VIP客户插队，普通客户等待时间过长,2023-04-16,2023-04-17,9.92,15,171,6,2,19,12274,2,1
105,北站支行,广州市天河区天河路300号,新员工业务不熟，办个业务花了40分钟,2023-03-07,2023-03-10,2.59,5,358,7,2,32,7736,1,3
106,南湖支行,杭州市西湖区南山路120号,新员工业务不熟，办个业务花了40分钟,2023-02-05,2023-02-06,6.17,5,160,5,3,44,15929,2,2
107,大学城支行,南京市鼓楼区汉口路22号,排队时间太长，等了1个多小时还没轮到,2023-03-01,2023-03-06,9.97,7,259,5,3,22,12287,1,3
108,开发区支行,天津市滨海新区泰达大道66号,VIP客户插队，普通客户等待时间过长,2023-05-19,2023-05-23,0.83,8,497,7,3,20,6640,4,3
109,机场支行,成都市双流区机场路500号,排队时间太长，等了1个多小时还没轮到,2023-05-06,2023-05-08,3.09,17,236,5,2,43,14547,2,1
110,港口支行,青岛市黄岛区港口路88号,窗口太少，中午只有2个窗口开放,2023-03-21,2023-03-24,3.63,13,360,5,4,43,14175,4,3
101,市中心支行,北京市朝阳区建国路100号,排队时间太长，等了1个多小时还没轮到,2023-02-14,2023-02-17,0.55,15,488,4,3,15,13228,4,4
102,西区支行,上海市徐汇区淮海中路200号,柜员态度很差，办理业务时一直不耐烦,2023-05-24,2023-05-27,6.99,9,180,4,5,41,5317,1,3
103,东湖支行,武汉市武昌区东湖路50号,新员工业务不熟，办个业务花了40分钟,2023-06-03,2023-06-08,8.33,12,139,4,5,36,15188,1,1
104,高新支行,深圳市南山区科技园路88号,理财产品收益与承诺不符,2023-01-29,2023-02-03,8.85,7,435,6,2,22,5362,1,1
105,北站支行,广州市天河区天河路300号,新员工业务不熟，办个业务花了40分钟,2023-02-22,2023-02-26,9.34,8,290,5,3,16,19468,3,1
106,南湖支行,杭州市西湖区南山路120号,窗口太少，中午只有2个窗口开放,2023-01-30,2023-02-02,8.78,7,130,4,3,41,11506,1,2
107,大学城支行,南京市鼓楼区汉口路22号,柜员态度很差，办理业务时一直不耐烦,2023-03-24,2023-03-28,9.13,6,455,4,3,22,15204,4,3
108,开发区支行,天津市滨海新区泰达大道66号,转账手续费太高，没有提前告知,2023-04-14,2023-04-19,2.33,17,145,5,2,26,17647,3,2
109,机场支行,成都市双流区机场路500号,信用卡年费收取后拒绝退还,2023-04-05,2023-04-08,6.52,12,464,5,5,15,15706,2,3
110,港口支行,青岛市黄岛区港口路88号,ATM机又坏了，这周第三次了,2023-01-30,2023-02-01,5.64,6,418,6,5,24,14437,1,1
101,市中心支行,北京市朝阳区建国路100号,ATM机又坏了，这周第三次了,2023-06-25,2023-06-28,7.99,8,451,6,3,13,18018,4,1
102,西区支行,上海市徐汇区淮海中路200号,VIP客户插队，普通客户等待时间过长,2023-03-28,2023-04-02,7.82,5,493,3,3,35,16383,3,2
103,东湖支行,武汉市武昌区东湖路50号,转账手续费太高，没有提前告知,2023-01-28,2023-01-29,8.78,19,384,6,5,44,10043,1,4
104,高新支行,深圳市南山区科技园路88号,VIP客户插队，普通客户等待时间过长,2023-01-23,2023-01-26,0.73,15,132,5,4,32,16801,2,2
105,北站支行,广州市天河区天河路300号,ATM机又坏了，这周第三次了,2023-06-07,2023-06-11,4.95,8,198,7,2,48,8342,3,1
106,南湖支行,杭州市西湖区南山路120号,系统故障导致转账失败，资金被冻结,2023-01-15,2023-01-16,7.09,8,387,4,4,23,8155,2,3
107,大学城支行,南京市鼓楼区汉口路22号,窗口太少，中午只有2个窗口开放,2023-02-21,2023-02-22,3.1,5,481,6,5,37,5988,1,3
108,开发区支行,天津市滨海新区泰达大道66号,新员工业务不熟，办个业务花了40分钟,2023-01-15,2023-01-19,4.49,15,183,5,2,14,18698,3,1
109,机场支行,成都市双流区机场路500号,排队时间太长，等了1个多小时还没轮到,2023-04-08,2023-04-13,3.55,10,114,4,2,44,15047,1,1
110,港口支行,青岛市黄岛区港口路88号,系统故障导致转账失败，资金被冻结,2023-02-24,2023-03-01,7.29,6,370,6,5,36,6607,4,2
101,市中心支行,北京市朝阳区建国路100号,信用卡年费收取后拒绝退还,2023-04-11,2023-04-14,2.44,17,408,5,3,16,19722,1,4
102,西区支行,上海市徐汇区淮海中路200号,新员工业务不熟，办个业务花了40分钟,2023-02-28,2023-03-05,3.29,12,415,4,4,29,12725,3,1
103,东湖支行,武汉市武昌区东湖路50号,系统故障导致转账失败，资金被冻结,2023-06-23,2023-06-24,0.51,11,372,6,5,45,13712,2,4
104,高新支行,深圳市南山区科技园路88号,VIP客户插队，普通客户等待时间过长,2023-02-17,2023-02-22,5.17,19,313,7,2,11,10463,4,3
105,北站支行,广州市天河区天河路300号,系统故障导致转账失败，资金被冻结,2023-01-27,2023-01-28,9.85,5,171,7,3,39,18631,2,2
106,南湖支行,杭州市西湖区南山路120号,VIP客户插队，普通客户等待时间过长,2023-06-06,2023-06-09,9.76,10,131,5,2,34,7043,2,1
107,大学城支行,南京市鼓楼区汉口路22号,信用卡年费收取后拒绝退还,2023-04-10,2023-04-15,0.88,10,278,3,2,21,16128,2,4
108,开发区支行,天津市滨海新区泰达大道66号,排队时间太长，等了1个多小时还没轮到,2023-02-08,2023-02-13,0.67,10,185,6,5,42,13905,4,4
109,机场支行,成都市双流区机场路500号,柜员态度很差，办理业务时一直不耐烦,2023-04-29,2023-05-01,9.44,5,101,3,2,22,6949,1,1
110,港口支行,青岛市黄岛区港口路88号,信用卡年费收取后拒绝退还,2023-01-13,2023-01-17,1.25,10,202,4,3,48,5089,2,2
101,市中心支行,北京市朝阳区建国路100号,VIP客户插队，普通客户等待时间过长,2023-05-15,2023-05-18,8.11,6,205,6,2,49,11090,1,3
102,西区支行,上海市徐汇区淮海中路200号,柜员态度很差，办理业务时一直不耐烦,2023-05-12,2023-05-17,9.01,13,361,3,4,40,14631,1,2
103,东湖支行,武汉市武昌区东湖路50号,排队时间太长，等了1个多小时还没轮到,2023-02-04,2023-02-06,9.38,12,277,6,3,29,18629,3,3
104,高新支行,深圳市南山区科技园路88号,ATM机又坏了，这周第三次了,2023-04-19,2023-04-23,5.1,15,183,6,3,31,13601,3,3
105,北站支行,广州市天河区天河路300号,排队时间太长，等了1个多小时还没轮到,2023-04-26,2023-05-01,0.89,16,461,5,3,21,15326,4,1
106,南湖支行,杭州市西湖区南山路120号,系统故障导致转账失败，资金被冻结,2023-06-30,2023-07-03,5.05,7,221,5,4,45,9780,4,1
107,大学城支行,南京市鼓楼区汉口路22号,柜员态度很差，办理业务时一直不耐烦,2023-05-05,2023-05-08,8.0,11,387,5,5,27,15181,2,3
108,开发区支行,天津市滨海新区泰达大道66号,柜员态度很差，办理业务时一直不耐烦,2023-01-20,2023-01-23,2.67,12,460,5,4,37,19025,3,3
109,机场支行,成都市双流区机场路500号,信用卡年费收取后拒绝退还,2023-04-09,2023-04-14,2.6,10,306,3,4,21,17080,2,1
110,港口支行,青岛市黄岛区港口路88号,理财产品收益与承诺不符,2023-02-18,2023-02-19,7.41,17,123,6,2,13,15971,4,2
101,市中心支行,北京市朝阳区建国路100号,新员工业务不熟，办个业务花了40分钟,2023-01-14,2023-01-18,9.88,12,149,3,4,41,11563,2,1
102,西区支行,上海市徐汇区淮海中路200号,理财产品收益与承诺不符,2023-05-07,2023-05-11,4.26,8,165,4,5,15,17582,2,3
103,东湖支行,武汉市武昌区东湖路50号,系统故障导致转账失败，资金被冻结,2023-01-30,2023-02-03,6.13,10,224,6,4,27,16815,1,3
104,高新支行,深圳市南山区科技园路88号,理财产品收益与承诺不符,2023-01-14,2023-01-16,2.74,14,107,6,5,39,18910,2,4
105,北站支行,广州市天河区天河路300号,ATM机又坏了，这周第三次了,2023-05-17,2023-05-22,4.04,6,474,7,2,47,16244,1,2
106,南湖支行,杭州市西湖区南山路120号,排队时间太长，等了1个多小时还没轮到,2023-05-16,2023-05-20,1.43,17,210,3,5,11,8814,2,1
107,大学城支行,南京市鼓楼区汉口路22号,新员工业务不熟，办个业务花了40分钟,2023-05-21,2023-05-23,4.22,13,127,4,4,46,9356,3,1
108,开发区支行,天津市滨海新区泰达大道66号,排队时间太长，等了1个多小时还没轮到,2023-06-25,2023-06-30,7.85,12,263,7,4,40,8466,2,3
109,机场支行,成都市双流区机场路500号,理财产品收益与承诺不符,2023-01-23,2023-01-27,4.7,14,192,4,5,39,8432,1,1
110,港口支行,青岛市黄岛区港口路88号,柜员态度很差，办理业务时一直不耐烦,2023-02-06,2023-02-08,2.86,15,100,3,5,29,14499,1,3
101,市中心支行,北京市朝阳区建国路100号,信用卡年费收取后拒绝退还,2023-06-19,2023-06-23,7.5,9,303,7,2,37,6390,3,2
102,西区支行,上海市徐汇区淮海中路200号,信用卡年费收取后拒绝退还,2023-05-05,2023-05-07,2.46,17,469,4,2,46,14235,2,1
103,东湖支行,武汉市武昌区东湖路50号,转账手续费太高，没有提前告知,2023-01-06,2023-01-09,6.58,7,297,7,2,14,18472,1,3
104,高新支行,深圳市南山区科技园路88号,ATM机又坏了，这周第三次了,2023-01-31,2023-02-02,0.89,14,375,7,3,33,10370,3,2
105,北站支行,广州市天河区天河路300号,转账手续费太高，没有提前告知,2023-03-25,2023-03-29,9.54,6,384,3,4,40,12351,3,3
106,南湖支行,杭州市西湖区南山路120号,理财产品收益与承诺不符,2023-03-21,2023-03-23,5.14,16,393,6,4,25,6969,2,4
107,大学城支行,南京市鼓楼区汉口路22号,VIP客户插队，普通客户等待时间过长,2023-01-15,2023-01-16,6.9,6,440,3,4,17,11812,4,2
108,开发区支行,天津市滨海新区泰达大道66号,信用卡年费收取后拒绝退还,2023-02-15,2023-02-17,8.75,10,274,4,2,35,15666,2,2
109,机场支行,成都市双流区机场路500号,VIP客户插队，普通客户等待时间过长,2023-05-22,2023-05-26,5.22,5,125,3,5,36,15055,1,2
110,港口支行,青岛市黄岛区港口路88号,排队时间太长，等了1个多小时还没轮到,2023-03-01,2023-03-05,9.23,5,246,7,5,14,15600,2,2
101,市中心支行,北京市朝阳区建国路100号,排队时间太长，等了1个多小时还没轮到,2023-01-25,2023-01-28,6.75,6,291,3,2,34,17975,1,1
102,西区支行,上海市徐汇区淮海中路200号,柜员态度很差，办理业务时一直不耐烦,2023-01-01,2023-01-05,1.36,19,423,4,2,47,17781,4,2
103,东湖支行,武汉市武昌区东湖路50号,排队时间太长，等了1个多小时还没轮到,2023-03-26,2023-03-28,4.66,6,181,7,2,32,14042,1,3
104,高新支行,深圳市南山区科技园路88号,理财产品收益与承诺不符,2023-05-29,2023-06-01,4.07,18,409,3,2,24,12232,4,2
105,北站支行,广州市天河区天河路300号,信用卡年费收取后拒绝退还,2023-06-28,2023-07-02,4.26,9,415,7,2,42,17592,4,1
106,南湖支行,杭州市西湖区南山路120号,系统故障导致转账失败，资金被冻结,2023-06-04,2023-06-06,4.72,10,366,5,5,23,16081,2,2
107,大学城支行,南京市鼓楼区汉口路22号,排队时间太长，等了1个多小时还没轮到,2023-06-13,2023-06-17,5.25,9,381,4,3,37,19964,1,2
108,开发区支行,天津市滨海新区泰达大道66号,信用卡年费收取后拒绝退还,2023-03-13,2023-03-14,1.53,9,403,7,4,45,16022,3,4
109,机场支行,成都市双流区机场路500号,信用卡年费收取后拒绝退还,2023-01-10,2023-01-13,5.72,18,463,5,4,30,5406,3,3
110,港口支行,青岛市黄岛区港口路88号,理财产品收益与承诺不符,2023-06-23,2023-06-28,9.02,9,223,3,5,20,9146,3,4
101,市中心支行,北京市朝阳区建国路100号,柜员态度很差，办理业务时一直不耐烦,2023-01-24,2023-01-29,9.38,10,374,4,3,13,12151,1,4
102,西区支行,上海市徐汇区淮海中路200号,信用卡年费收取后拒绝退还,2023-04-01,2023-04-03,6.87,17,338,6,4,17,12311,2,4
103,东湖支行,武汉市武昌区东湖路50号,VIP客户插队，普通客户等待时间过长,2023-06-07,2023-06-12,7.32,6,176,6,3,34,9445,3,3
104,高新支行,深圳市南山区科技园路88号,新员工业务不熟，办个业务花了40分钟,2023-04-19,2023-04-20,6.97,14,138,7,4,16,12102,4,1
105,北站支行,广州市天河区天河路300号,信用卡年费收取后拒绝退还,2023-05-03,2023-05-06,5.89,14,135,6,5,16,15037,1,4
106,南湖支行,杭州市西湖区南山路120号,窗口太少，中午只有2个窗口开放,2023-04-10,2023-04-13,0.91,14,146,5,2,31,12285,1,2
107,大学城支行,南京市鼓楼区汉口路22号,转账手续费太高，没有提前告知,2023-05-18,2023-05-20,6.14,14,108,4,5,17,11295,4,1
108,开发区支行,天津市滨海新区泰达大道66号,转账手续费太高，没有提前告知,2023-02-15,2023-02-18,2.75,9,167,4,5,28,8683,4,3
109,机场支行,成都市双流区机场路500号,新员工业务不熟，办个业务花了40分钟,2023-01-31,2023-02-03,6.84,6,263,4,2,14,14776,3,4
110,港口支行,青岛市黄岛区港口路88号,柜员态度很差，办理业务时一直不耐烦,2023-03-30,2023-03-31,8.7,11,248,3,3,46,15658,4,3
101,市中心支行,北京市朝阳区建国路100号,信用卡年费收取后拒绝退还,2023-01-12,2023-01-15,5.69,14,177,7,2,34,5769,4,3
102,西区支行,上海市徐汇区淮海中路200号,信用卡年费收取后拒绝退还,2023-01-12,2023-01-17,6.17,6,422,4,3,48,17200,1,3
103,东湖支行,武汉市武昌区东湖路50号,理财产品收益与承诺不符,2023-01-07,2023-01-11,9.92,16,401,5,5,35,6125,2,4
104,高新支行,深圳市南山区科技园路88号,系统故障导致转账失败，资金被冻结,2023-05-09,2023-05-13,3.1,18,135,7,2,45,19210,1,4
105,北站支行,广州市天河区天河路300号,VIP客户插队，普通客户等待时间过长,2023-04-22,2023-04-27,3.99,10,295,7,2,11,10051,1,4
106,南湖支行,杭州市西湖区南山路120号,转账手续费太高，没有提前告知,2023-02-04,2023-02-07,2.72,9,363,4,4,12,13533,2,2
107,大学城支行,南京市鼓楼区汉口路22号,ATM机又坏了，这周第三次了,2023-02-04,2023-02-05,9.94,6,201,3,4,43,14686,2,4
108,开发区支行,天津市滨海新区泰达大道66号,ATM机又坏了，这周第三次了,2023-04-06,2023-04-09,1.07,16,135,7,2,38,15526,3,1
109,机场支行,成都市双流区机场路500号,窗口太少，中午只有2个窗口开放,2023-03-27,2023-03-30,2.12,14,257,3,4,25,8083,1,4
110,港口支行,青岛市黄岛区港口路88号,ATM机又坏了，这周第三次了,2023-04-17,2023-04-21,6.82,8,102,7,4,37,11770,4,2
101,市中心支行,北京市朝阳区建国路100号,窗口太少，中午只有2个窗口开放,2023-04-17,2023-04-19,9.93,12,347,6,2,39,5148,4,2
102,西区支行,上海市徐汇区淮海中路200号,系统故障导致转账失败，资金被冻结,2023-01-07,2023-01-11,2.94,12,330,3,2,25,15699,2,4
103,东湖支行,武汉市武昌区东湖路50号,柜员态度很差，办理业务时一直不耐烦,2023-04-13,2023-04-17,7.23,18,391,3,4,11,7408,1,2
104,高新支行,深圳市南山区科技园路88号,转账手续费太高，没有提前告知,2023-03-14,2023-03-15,9.4,13,430,5,5,32,6689,4,2
105,北站支行,广州市天河区天河路300号,转账手续费太高，没有提前告知,2023-04-02,2023-04-05,5.4,7,242,6,2,21,5560,2,2
106,南湖支行,杭州市西湖区南山路120号,排队时间太长，等了1个多小时还没轮到,2023-01-14,2023-01-16,8.27,7,257,4,3,23,13325,3,4
107,大学城支行,南京市鼓楼区汉口路22号,理财产品收益与承诺不符,2023-06-28,2023-07-01,2.51,18,172,7,4,11,12002,2,3
108,开发区支行,天津市滨海新区泰达大道66号,ATM机又坏了，这周第三次了,2023-06-01,2023-06-06,3.79,8,355,4,2,11,13984,1,2
109,机场支行,成都市双流区机场路500号,理财产品收益与承诺不符,2023-03-02,2023-03-07,3.48,19,369,3,3,25,9917,2,1
110,港口支行,青岛市黄岛区港口路88号,系统故障导致转账失败，资金被冻结,2023-01-20,2023-01-25,3.52,7,489,3,2,43,7964,2,4
101,市中心支行,北京市朝阳区建国路100号,理财产品收益与承诺不符,2023-02-23,2023-02-25,1.78,8,272,6,5,41,17415,4,4
102,西区支行,上海市徐汇区淮海中路200号,新员工业务不熟，办个业务花了40分钟,2023-05-16,2023-05-17,3.46,18,119,4,2,15,7719,1,3
103,东湖支行,武汉市武昌区东湖路50号,新员工业务不熟，办个业务花了40分钟,2023-05-09,2023-05-12,6.39,16,250,5,4,14,15145,2,1
104,高新支行,深圳市南山区科技园路88号,ATM机又坏了，这周第三次了,2023-05-20,2023-05-25,1.05,15,277,7,4,24,13648,3,3
105,北站支行,广州市天河区天河路300号,ATM机又坏了，这周第三次了,2023-03-11,2023-03-14,2.12,9,428,6,3,16,13591,4,1
106,南湖支行,杭州市西湖区南山路120号,VIP客户插队，普通客户等待时间过长,2023-05-10,2023-05-14,5.34,11,139,3,2,48,6403,4,1
107,大学城支行,南京市鼓楼区汉口路22号,转账手续费太高，没有提前告知,2023-04-17,2023-04-20,6.43,16,330,4,4,46,12870,2,4
108,开发区支行,天津市滨海新区泰达大道66号,柜员态度很差，办理业务时一直不耐烦,2023-01-02,2023-01-05,2.35,11,254,6,3,23,19790,1,1
109,机场支行,成都市双流区机场路500号,新员工业务不熟，办个业务花了40分钟,2023-06-05,2023-06-07,7.81,18,282,4,3,36,11548,2,2
110,港口支行,青岛市黄岛区港口路88号,系统故障导致转账失败，资金被冻结,2023-01-18,2023-01-19,2.97,14,413,7,2,22,11356,2,2
101,市中心支行,北京市朝阳区建国路100号,柜员态度很差，办理业务时一直不耐烦,2023-03-20,2023-03-21,6.48,9,437,7,2,41,5163,1,3
102,西区支行,上海市徐汇区淮海中路200号,理财产品收益与承诺不符,2023-05-18,2023-05-22,3.03,15,290,7,5,35,15749,4,2
103,东湖支行,武汉市武昌区东湖路50号,转账手续费太高，没有提前告知,2023-02-18,2023-02-19,3.58,16,181,5,2,38,14651,1,2
104,高新支行,深圳市南山区科技园路88号,窗口太少，中午只有2个窗口开放,2023-04-17,2023-04-20,4.23,14,496,3,2,26,8191,1,1
105,北站支行,广州市天河区天河路300号,转账手续费太高，没有提前告知,2023-02-10,2023-02-13,7.04,16,147,7,2,19,13433,2,4
106,南湖支行,杭州市西湖区南山路120号,新员工业务不熟，办个业务花了40分钟,2023-05-29,2023-06-03,9.07,9,383,5,4,43,5775,3,2
107,大学城支行,南京市鼓楼区汉口路22号,新员工业务不熟，办个业务花了40分钟,2023-06-23,2023-06-28,6.55,19,442,7,4,14,18727,4,1
108,开发区支行,天津市滨海新区泰达大道66号,新员工业务不熟，办个业务花了40分钟,2023-04-03,2023-04-08,4.71,12,432,3,4,10,12788,3,4
109,机场支行,成都市双流区机场路500号,柜员态度很差，办理业务时一直不耐烦,2023-03-18,2023-03-22,1.5,5,232,6,2,49,17089,3,2
110,港口支行,青岛市黄岛区港口路88号,系统故障导致转账失败，资金被冻结,2023-05-06,2023-05-07,9.92,8,498,5,4,37,13754,3,2
101,市中心支行,北京市朝阳区建国路100号,信用卡年费收取后拒绝退还,2023-02-28,2023-03-01,1.43,18,451,4,3,41,11511,4,1
102,西区支行,上海市徐汇区淮海中路200号,信用卡年费收取后拒绝退还,2023-02-07,2023-02-09,3.31,12,428,4,4,12,16824,4,2
103,东湖支行,武汉市武昌区东湖路50号,柜员态度很差，办理业务时一直不耐烦,2023-04-08,2023-04-09,2.98,13,268,3,3,19,7196,4,4
104,高新支行,深圳市南山区科技园路88号,新员工业务不熟，办个业务花了40分钟,2023-04-14,2023-04-18,5.01,6,473,7,2,41,19686,4,4
105,北站支行,广州市天河区天河路300号,理财产品收益与承诺不符,2023-05-28,2023-05-31,6.36,6,110,4,4,26,14127,2,3
106,南湖支行,杭州市西湖区南山路120号,ATM机又坏了，这周第三次了,2023-02-16,2023-02-20,1.4,12,414,6,3,34,16889,2,4
107,大学城支行,南京市鼓楼区汉口路22号,系统故障导致转账失败，资金被冻结,2023-03-10,2023-03-12,2.79,9,271,5,3,30,17258,2,4
108,开发区支行,天津市滨海新区泰达大道66号,理财产品收益与承诺不符,2023-02-14,2023-02-16,3.51,11,367,3,4,27,7196,1,2
109,机场支行,成都市双流区机场路500号,转账手续费太高，没有提前告知,2023-01-07,2023-01-09,4.88,12,401,6,5,20,17543,2,2
110,港口支行,青岛市黄岛区港口路88号,柜员态度很差，办理业务时一直不耐烦,2023-05-19,2023-05-23,9.85,10,447,7,2,27,18057,1,1
101,市中心支行,北京市朝阳区建国路100号,新员工业务不熟，办个业务花了40分钟,2023-02-06,2023-02-09,7.4,15,149,5,4,33,18355,1,2
102,西区支行,上海市徐汇区淮海中路200号,窗口太少，中午只有2个窗口开放,2023-05-04,2023-05-07,5.65,17,452,5,4,28,5022,1,2
103,东湖支行,武汉市武昌区东湖路50号,理财产品收益与承诺不符,2023-04-02,2023-04-03,8.8,19,380,7,4,17,13553,2,4
104,高新支行,深圳市南山区科技园路88号,排队时间太长，等了1个多小时还没轮到,2023-06-05,2023-06-10,8.21,16,360,5,2,13,18794,4,4
105,北站支行,广州市天河区天河路300号,信用卡年费收取后拒绝退还,2023-03-04,2023-03-08,8.1,15,109,7,5,48,19042,3,2
106,南湖支行,杭州市西湖区南山路120号,系统故障导致转账失败，资金被冻结,2023-05-19,2023-05-21,3.88,17,492,6,5,31,15473,2,2
107,大学城支行,南京市鼓楼区汉口路22号,信用卡年费收取后拒绝退还,2023-02-13,2023-02-18,0.84,5,113,3,3,29,7634,4,3
108,开发区支行,天津市滨海新区泰达大道66号,柜员态度很差，办理业务时一直不耐烦,2023-05-23,2023-05-27,8.5,10,411,5,2,13,14596,4,4
109,机场支行,成都市双流区机场路500号,转账手续费太高，没有提前告知,2023-03-18,2023-03-21,7.91,10,326,4,2,47,10588,2,4
110,港口支行,青岛市黄岛区港口路88号,转账手续费太高，没有提前告知,2023-03-11,2023-03-13,2.19,14,137,6,5,29,15512,3,3
101,市中心支行,北京市朝阳区建国路100号,系统故障导致转账失败，资金被冻结,2023-03-08,2023-03-10,5.07,18,102,7,5,13,8959,2,4
102,西区支行,上海市徐汇区淮海中路200号,窗口太少，中午只有2个窗口开放,2023-02-07,2023-02-08,6.93,6,258,6,5,28,17080,3,2
103,东湖支行,武汉市武昌区东湖路50号,ATM机又坏了，这周第三次了,2023-04-20,2023-04-25,1.92,12,208,6,3,47,18428,3,4
104,高新支行,深圳市南山区科技园路88号,信用卡年费收取后拒绝退还,2023-01-12,2023-01-15,5.41,17,327,3,4,42,6169,3,4
105,北站支行,广州市天河区天河路300号,柜员态度很差，办理业务时一直不耐烦,2023-06-10,2023-06-13,1.09,16,350,5,2,42,15640,2,4
106,南湖支行,杭州市西湖区南山路120号,新员工业务不熟，办个业务花了40分钟,2023-06-24,2023-06-27,5.21,19,498,6,4,48,19472,2,4
107,大学城支行,南京市鼓楼区汉口路22号,转账手续费太高，没有提前告知,2023-03-27,2023-03-30,2.43,8,160,4,3,12,10068,3,1
108,开发区支行,天津市滨海新区泰达大道66号,窗口太少，中午只有2个窗口开放,2023-05-15,2023-05-18,6.07,10,297,3,4,28,6449,3,2
109,机场支行,成都市双流区机场路500号,转账手续费太高，没有提前告知,2023-03-08,2023-03-12,2.64,9,448,7,5,30,13895,1,4
110,港口支行,青岛市黄岛区港口路88号,信用卡年费收取后拒绝退还,2023-03-29,2023-03-31,1.77,8,225,4,4,10,7839,1,4
101,市中心支行,北京市朝阳区建国路100号,柜员态度很差，办理业务时一直不耐烦,2023-02-26,2023-02-28,7.77,10,273,6,5,40,6619,4,1
102,西区支行,上海市徐汇区淮海中路200号,排队时间太长，等了1个多小时还没轮到,2023-06-01,2023-06-05,9.59,18,463,4,3,31,14435,3,3
103,东湖支行,武汉市武昌区东湖路50号,ATM机又坏了，这周第三次了,2023-06-28,2023-07-01,3.12,18,219,4,5,25,16445,3,2
104,高新支行,深圳市南山区科技园路88号,窗口太少，中午只有2个窗口开放,2023-02-14,2023-02-17,8.53,10,143,3,2,45,14911,3,4
105,北站支行,广州市天河区天河路300号,VIP客户插队，普通客户等待时间过长,2023-06-07,2023-06-10,6.39,15,120,6,3,42,19298,3,2
106,南湖支行,杭州市西湖区南山路120号,VIP客户插队，普通客户等待时间过长,2023-03-13,2023-03-14,9.05,6,259,5,5,33,16918,4,3
107,大学城支行,南京市鼓楼区汉口路22号,VIP客户插队，普通客户等待时间过长,2023-02-12,2023-02-13,4.24,14,475,3,2,30,18393,1,3
108,开发区支行,天津市滨海新区泰达大道66号,信用卡年费收取后拒绝退还,2023-01-14,2023-01-18,7.39,9,404,5,4,34,18140,4,4
109,机场支行,成都市双流区机场路500号,信用卡年费收取后拒绝退还,2023-05-06,2023-05-11,3.82,13,260,4,2,13,14086,2,1
110,港口支行,青岛市黄岛区港口路88号,VIP客户插队，普通客户等待时间过长,2023-02-01,2023-02-04,8.58,11,388,3,5,43,11171,2,3
101,市中心支行,北京市朝阳区建国路100号,转账手续费太高，没有提前告知,2023-02-07,2023-02-09,1.14,10,276,3,3,15,6517,2,2
102,西区支行,上海市徐汇区淮海中路200号,信用卡年费收取后拒绝退还,2023-01-17,2023-01-21,5.1,9,104,4,3,11,11985,2,4
103,东湖支行,武汉市武昌区东湖路50号,排队时间太长，等了1个多小时还没轮到,2023-03-22,2023-03-26,4.41,17,266,6,5,49,10413,4,3
104,高新支行,深圳市南山区科技园路88号,VIP客户插队，普通客户等待时间过长,2023-06-16,2023-06-17,4.86,7,418,3,5,41,19726,1,4
105,北站支行,广州市天河区天河路300号,排队时间太长，等了1个多小时还没轮到,2023-03-27,2023-03-30,5.68,8,465,6,3,24,11519,4,1
106,南湖支行,杭州市西湖区南山路120号,转账手续费太高，没有提前告知,2023-02-27,2023-03-01,6.77,8,191,5,2,49,7105,4,2
107,大学城支行,南京市鼓楼区汉口路22号,新员工业务不熟，办个业务花了40分钟,2023-01-28,2023-01-31,5.8,6,347,5,5,42,6577,4,3
108,开发区支行,天津市滨海新区泰达大道66号,信用卡年费收取后拒绝退还,2023-01-17,2023-01-20,1.5,8,378,3,4,28,11852,3,3
109,机场支行,成都市双流区机场路500号,信用卡年费收取后拒绝退还,2023-01-05,2023-01-10,2.44,14,107,6,5,45,13676,1,4
110,港口支行,青岛市黄岛区港口路88号,系统故障导致转账失败，资金被冻结,2023-02-01,2023-02-04,8.08,19,498,4,3,29,8525,4,2
101,市中心支行,北京市朝阳区建国路100号,ATM机又坏了，这周第三次了,2023-06-18,2023-06-21,3.51,7,464,5,4,49,11629,1,4
102,西区支行,上海市徐汇区淮海中路200号,窗口太少，中午只有2个窗口开放,2023-02-17,2023-02-20,2.42,12,200,6,5,46,7307,2,2
103,东湖支行,武汉市武昌区东湖路50号,系统故障导致转账失败，资金被冻结,2023-06-23,2023-06-25,9.69,7,131,3,5,20,17150,4,1
104,高新支行,深圳市南山区科技园路88号,ATM机又坏了，这周第三次了,2023-01-01,2023-01-03,4.47,11,120,7,3,13,5923,2,2
105,北站支行,广州市天河区天河路300号,系统故障导致转账失败，资金被冻结,2023-01-26,2023-01-31,4.56,11,227,5,2,34,11274,1,4
106,南湖支行,杭州市西湖区南山路120号,信用卡年费收取后拒绝退还,2023-01-06,2023-01-11,7.33,6,253,7,4,37,5264,4,2
107,大学城支行,南京市鼓楼区汉口路22号,理财产品收益与承诺不符,2023-01-23,2023-01-25,5.64,7,159,6,2,20,10569,3,4
108,开发区支行,天津市滨海新区泰达大道66号,排队时间太长，等了1个多小时还没轮到,2023-03-02,2023-03-04,4.86,9,315,4,3,12,5587,4,2
109,机场支行,成都市双流区机场路500号,排队时间太长，等了1个多小时还没轮到,2023-03-03,2023-03-05,2.15,9,255,4,3,42,14172,3,4
110,港口支行,青岛市黄岛区港口路88号,系统故障导致转账失败，资金被冻结,2023-01-25,2023-01-26,9.1,7,437,4,4,32,16439,4,2
101,市中心支行,北京市朝阳区建国路100号,理财产品收益与承诺不符,2023-06-12,2023-06-15,7.51,16,238,5,4,42,13915,1,4
102,西区支行,上海市徐汇区淮海中路200号,VIP客户插队，普通客户等待时间过长,2023-05-04,2023-05-08,1.51,7,347,6,4,48,15693,1,4
103,东湖支行,武汉市武昌区东湖路50号,转账手续费太高，没有提前告知,2023-05-07,2023-05-12,2.66,12,346,5,5,34,19126,2,3
104,高新支行,深圳市南山区科技园路88号,系统故障导致转账失败，资金被冻结,2023-02-08,2023-02-12,2.52,7,412,7,2,23,11115,4,1
105,北站支行,广州市天河区天河路300号,理财产品收益与承诺不符,2023-06-02,2023-06-04,7.78,7,351,7,4,27,6138,1,2
106,南湖支行,杭州市西湖区南山路120号,ATM机又坏了，这周第三次了,2023-01-18,2023-01-22,6.87,11,190,4,5,47,5141,4,1
107,大学城支行,南京市鼓楼区汉口路22号,柜员态度很差，办理业务时一直不耐烦,2023-02-09,2023-02-10,5.69,7,246,5,5,34,5423,4,2
108,开发区支行,天津市滨海新区泰达大道66号,新员工业务不熟，办个业务花了40分钟,2023-03-08,2023-03-10,9.22,11,249,3,4,12,14641,3,1
109,机场支行,成都市双流区机场路500号,柜员态度很差，办理业务时一直不耐烦,2023-04-01,2023-04-03,8.47,17,426,3,4,28,7990,4,2
110,港口支行,青岛市黄岛区港口路88号,排队时间太长，等了1个多小时还没轮到,2023-04-15,2023-04-20,2.58,9,416,6,5,26,5285,1,4
101,市中心支行,北京市朝阳区建国路100号,转账手续费太高，没有提前告知,2023-02-05,2023-02-09,5.89,8,188,5,2,44,16240,3,2
102,西区支行,上海市徐汇区淮海中路200号,理财产品收益与承诺不符,2023-06-28,2023-06-29,7.56,8,167,6,5,11,12804,2,2
103,东湖支行,武汉市武昌区东湖路50号,柜员态度很差，办理业务时一直不耐烦,2023-02-28,2023-03-03,8.98,19,354,7,3,39,15507,3,3
104,高新支行,深圳市南山区科技园路88号,排队时间太长，等了1个多小时还没轮到,2023-05-23,2023-05-24,9.96,6,354,7,2,29,17132,3,4
105,北站支行,广州市天河区天河路300号,转账手续费太高，没有提前告知,2023-01-27,2023-01-31,1.59,17,300,7,2,13,14250,1,2
106,南湖支行,杭州市西湖区南山路120号,理财产品收益与承诺不符,2023-05-14,2023-05-15,8.85,5,107,7,4,49,15571,2,4
107,大学城支行,南京市鼓楼区汉口路22号,系统故障导致转账失败，资金被冻结,2023-03-06,2023-03-08,4.91,19,460,5,3,38,5405,4,1
108,开发区支行,天津市滨海新区泰达大道66号,理财产品收益与承诺不符,2023-04-10,2023-04-12,6.5,8,256,5,5,16,15587,4,4
109,机场支行,成都市双流区机场路500号,窗口太少，中午只有2个窗口开放,2023-02-23,2023-02-24,4.15,17,166,6,3,33,6185,3,3
110,港口支行,青岛市黄岛区港口路88号,排队时间太长，等了1个多小时还没轮到,2023-05-09,2023-05-13,9.85,12,186,3,3,26,11716,4,2
101,市中心支行,北京市朝阳区建国路100号,信用卡年费收取后拒绝退还,2023-06-18,2023-06-19,0.93,12,479,4,2,38,14836,1,3
102,西区支行,上海市徐汇区淮海中路200号,转账手续费太高，没有提前告知,2023-04-17,2023-04-22,2.36,7,336,6,5,22,9796,2,1
103,东湖支行,武汉市武昌区东湖路50号,VIP客户插队，普通客户等待时间过长,2023-04-24,2023-04-28,0.57,18,235,5,5,42,9697,3,1
104,高新支行,深圳市南山区科技园路88号,系统故障导致转账失败，资金被冻结,2023-05-25,2023-05-28,4.67,18,205,5,3,18,10463,1,1
105,北站支行,广州市天河区天河路300号,新员工业务不熟，办个业务花了40分钟,2023-03-04,2023-03-05,6.36,12,376,5,4,48,5182,1,3
106,南湖支行,杭州市西湖区南山路120号,ATM机又坏了，这周第三次了,2023-02-11,2023-02-13,5.19,15,246,5,2,10,16431,4,3
107,大学城支行,南京市鼓楼区汉口路22号,VIP客户插队，普通客户等待时间过长,2023-04-06,2023-04-11,4.4,12,208,6,2,42,16564,2,3
108,开发区支行,天津市滨海新区泰达大道66号,系统故障导致转账失败，资金被冻结,2023-06-02,2023-06-06,9.56,9,107,3,4,32,8741,1,3
109,机场支行,成都市双流区机场路500号,理财产品收益与承诺不符,2023-02-11,2023-02-12,1.07,19,439,4,3,11,10443,2,1
110,港口支行,青岛市黄岛区港口路88号,转账手续费太高，没有提前告知,2023-01-05,2023-01-08,4.83,6,246,6,5,29,18424,1,4
101,市中心支行,北京市朝阳区建国路100号,VIP客户插队，普通客户等待时间过长,2023-03-01,2023-03-02,1.26,19,140,4,4,38,9200,2,2
102,西区支行,上海市徐汇区淮海中路200号,柜员态度很差，办理业务时一直不耐烦,2023-06-01,2023-06-03,8.94,17,365,4,4,18,12544,3,4
103,东湖支行,武汉市武昌区东湖路50号,VIP客户插队，普通客户等待时间过长,2023-06-09,2023-06-11,2.13,10,254,7,3,38,18989,3,4
104,高新支行,深圳市南山区科技园路88号,排队时间太长，等了1个多小时还没轮到,2023-04-17,2023-04-20,9.92,6,180,3,3,21,7466,3,1
105,北站支行,广州市天河区天河路300号,信用卡年费收取后拒绝退还,2023-01-03,2023-01-06,1.3,19,456,7,3,40,12064,3,4
106,南湖支行,杭州市西湖区南山路120号,转账手续费太高，没有提前告知,2023-03-27,2023-03-29,6.7,16,376,5,3,45,7658,1,3
107,大学城支行,南京市鼓楼区汉口路22号,窗口太少，中午只有2个窗口开放,2023-04-11,2023-04-13,5.65,10,221,6,5,43,6823,3,3
108,开发区支行,天津市滨海新区泰达大道66号,转账手续费太高，没有提前告知,2023-06-09,2023-06-13,8.65,19,140,5,5,41,15233,3,1
109,机场支行,成都市双流区机场路500号,转账手续费太高，没有提前告知,2023-05-10,2023-05-14,0.76,16,266,4,5,37,16172,3,4
110,港口支行,青岛市黄岛区港口路88号,柜员态度很差，办理业务时一直不耐烦,2023-01-13,2023-01-15,0.93,5,292,6,4,38,8273,4,2
101,市中心支行,北京市朝阳区建国路100号,VIP客户插队，普通客户等待时间过长,2023-05-13,2023-05-18,6.55,15,225,5,2,47,13767,1,4
102,西区支行,上海市徐汇区淮海中路200号,转账手续费太高，没有提前告知,2023-03-06,2023-03-09,3.96,8,303,3,4,13,10744,1,2
103,东湖支行,武汉市武昌区东湖路50号,柜员态度很差，办理业务时一直不耐烦,2023-04-15,2023-04-16,5.11,12,443,5,4,20,9652,4,2
104,高新支行,深圳市南山区科技园路88号,窗口太少，中午只有2个窗口开放,2023-02-10,2023-02-12,0.87,10,462,5,3,15,19138,1,3
105,北站支行,广州市天河区天河路300号,窗口太少，中午只有2个窗口开放,2023-05-30,2023-06-01,5.13,14,221,7,2,46,16350,2,4
106,南湖支行,杭州市西湖区南山路120号,理财产品收益与承诺不符,2023-02-25,2023-02-28,9.95,13,468,7,2,26,15348,4,4
107,大学城支行,南京市鼓楼区汉口路22号,新员工业务不熟，办个业务花了40分钟,2023-06-11,2023-06-16,7.85,9,264,3,2,22,15913,1,2
108,开发区支行,天津市滨海新区泰达大道66号,柜员态度很差，办理业务时一直不耐烦,2023-05-05,2023-05-08,2.85,11,486,4,3,41,16372,3,2
109,机场支行,成都市双流区机场路500号,系统故障导致转账失败，资金被冻结,2023-02-26,2023-03-02,1.05,18,482,6,2,20,5358,4,3
110,港口支行,青岛市黄岛区港口路88号,柜员态度很差，办理业务时一直不耐烦,2023-01-28,2023-01-29,2.07,19,379,7,4,22,14326,2,3
101,市中心支行,北京市朝阳区建国路100号,排队时间太长，等了1个多小时还没轮到,2023-01-24,2023-01-29,2.47,17,372,5,5,27,7151,2,1
102,西区支行,上海市徐汇区淮海中路200号,VIP客户插队，普通客户等待时间过长,2023-02-19,2023-02-20,8.03,7,264,7,5,37,19852,1,1
103,东湖支行,武汉市武昌区东湖路50号,窗口太少，中午只有2个窗口开放,2023-01-18,2023-01-23,5.66,7,163,5,2,43,13458,2,1
104,高新支行,深圳市南山区科技园路88号,VIP客户插队，普通客户等待时间过长,2023-06-04,2023-06-06,4.86,10,248,5,4,37,12684,1,4
105,北站支行,广州市天河区天河路300号,新员工业务不熟，办个业务花了40分钟,2023-06-29,2023-06-30,3.12,18,111,3,4,28,9761,4,4
106,南湖支行,杭州市西湖区南山路120号,信用卡年费收取后拒绝退还,2023-04-11,2023-04-15,5.09,10,282,4,5,47,14802,1,2
107,大学城支行,南京市鼓楼区汉口路22号,窗口太少，中午只有2个窗口开放,2023-05-25,2023-05-30,7.74,19,302,3,4,26,19002,1,2
108,开发区支行,天津市滨海新区泰达大道66号,新员工业务不熟，办个业务花了40分钟,2023-03-31,2023-04-01,4.83,16,274,6,4,44,8119,3,1
109,机场支行,成都市双流区机场路500号,系统故障导致转账失败，资金被冻结,2023-01-08,2023-01-12,1.06,17,436,3,2,42,8935,4,3
110,港口支行,青岛市黄岛区港口路88号,转账手续费太高，没有提前告知,2023-04-24,2023-04-26,3.46,7,424,7,4,40,13182,4,2
101,市中心支行,北京市朝阳区建国路100号,系统故障导致转账失败，资金被冻结,2023-02-22,2023-02-23,5.03,17,313,5,4,19,10929,4,2
102,西区支行,上海市徐汇区淮海中路200号,新员工业务不熟，办个业务花了40分钟,2023-01-24,2023-01-27,6.62,16,293,3,5,44,5695,2,1
103,东湖支行,武汉市武昌区东湖路50号,ATM机又坏了，这周第三次了,2023-02-19,2023-02-20,8.04,7,118,4,5,35,9208,4,3
104,高新支行,深圳市南山区科技园路88号,ATM机又坏了，这周第三次了,2023-05-25,2023-05-26,0.52,7,164,6,2,46,11144,3,1
105,北站支行,广州市天河区天河路300号,理财产品收益与承诺不符,2023-03-24,2023-03-27,0.55,12,488,6,5,18,16390,1,4
106,南湖支行,杭州市西湖区南山路120号,信用卡年费收取后拒绝退还,2023-04-26,2023-04-30,7.15,19,203,3,3,23,12427,2,3
107,大学城支行,南京市鼓楼区汉口路22号,柜员态度很差，办理业务时一直不耐烦,2023-03-25,2023-03-30,1.13,7,171,5,3,22,16948,4,2
108,开发区支行,天津市滨海新区泰达大道66号,排队时间太长，等了1个多小时还没轮到,2023-06-09,2023-06-13,0.56,7,222,4,5,26,15614,2,2
109,机场支行,成都市双流区机场路500号,柜员态度很差，办理业务时一直不耐烦,2023-06-28,2023-06-30,2.8,10,287,4,3,35,18324,4,3
110,港口支行,青岛市黄岛区港口路88号,转账手续费太高，没有提前告知,2023-02-03,2023-02-07,2.51,6,394,5,5,32,14165,4,2
101,市中心支行,北京市朝阳区建国路100号,新员工业务不熟，办个业务花了40分钟,2023-06-17,2023-06-18,3.03,10,320,7,4,10,10789,1,1
102,西区支行,上海市徐汇区淮海中路200号,排队时间太长，等了1个多小时还没轮到,2023-06-21,2023-06-25,6.23,9,374,3,2,31,19366,1,3
103,东湖支行,武汉市武昌区东湖路50号,新员工业务不熟，办个业务花了40分钟,2023-04-13,2023-04-18,5.28,18,173,4,5,17,6589,4,4
104,高新支行,深圳市南山区科技园路88号,理财产品收益与承诺不符,2023-01-14,2023-01-16,6.98,18,277,6,3,33,18333,2,3
105,北站支行,广州市天河区天河路300号,ATM机又坏了，这周第三次了,2023-02-04,2023-02-08,1.64,15,363,4,5,40,17237,2,2
106,南湖支行,杭州市西湖区南山路120号,信用卡年费收取后拒绝退还,2023-06-09,2023-06-13,8.33,19,174,3,5,24,18752,3,1
107,大学城支行,南京市鼓楼区汉口路22号,转账手续费太高，没有提前告知,2023-03-09,2023-03-10,5.36,14,373,3,4,33,14009,4,1
108,开发区支行,天津市滨海新区泰达大道66号,窗口太少，中午只有2个窗口开放,2023-01-09,2023-01-12,3.73,16,476,7,5,20,9728,1,3
109,机场支行,成都市双流区机场路500号,ATM机又坏了，这周第三次了,2023-06-27,2023-06-30,3.07,15,261,6,5,45,14010,1,3
110,港口支行,青岛市黄岛区港口路88号,排队时间太长，等了1个多小时还没轮到,2023-03-09,2023-03-10,9.14,12,278,7,2,32,11361,1,1
101,市中心支行,北京市朝阳区建国路100号,VIP客户插队，普通客户等待时间过长,2023-06-17,2023-06-21,9.34,13,219,4,4,32,8796,1,3
102,西区支行,上海市徐汇区淮海中路200号,VIP客户插队，普通客户等待时间过长,2023-05-30,2023-06-01,6.83,5,123,6,4,26,16715,3,1
103,东湖支行,武汉市武昌区东湖路50号,信用卡年费收取后拒绝退还,2023-04-18,2023-04-19,3.33,9,439,5,4,21,6316,2,1
104,高新支行,深圳市南山区科技园路88号,窗口太少，中午只有2个窗口开放,2023-06-08,2023-06-09,3.92,11,127,3,4,27,12935,2,3
105,北站支行,广州市天河区天河路300号,系统故障导致转账失败，资金被冻结,2023-06-14,2023-06-19,4.01,16,112,4,2,22,18411,3,2
106,南湖支行,杭州市西湖区南山路120号,新员工业务不熟，办个业务花了40分钟,2023-03-30,2023-04-02,2.51,13,265,5,3,31,7016,4,1
107,大学城支行,南京市鼓楼区汉口路22号,柜员态度很差，办理业务时一直不耐烦,2023-03-12,2023-03-15,7.66,17,261,3,5,17,12430,4,2
108,开发区支行,天津市滨海新区泰达大道66号,ATM机又坏了，这周第三次了,2023-06-19,2023-06-20,7.5,10,248,6,5,10,13547,1,4
109,机场支行,成都市双流区机场路500号,信用卡年费收取后拒绝退还,2023-03-11,2023-03-16,0.91,17,412,3,3,19,11708,4,3
110,港口支行,青岛市黄岛区港口路88号,新员工业务不熟，办个业务花了40分钟,2023-05-08,2023-05-12,8.44,18,112,7,3,33,8841,2,1
101,市中心支行,北京市朝阳区建国路100号,排队时间太长，等了1个多小时还没轮到,2023-06-15,2023-06-17,1.68,14,262,3,4,47,7064,4,2
102,西区支行,上海市徐汇区淮海中路200号,信用卡年费收取后拒绝退还,2023-01-21,2023-01-23,3.03,17,270,3,5,35,15469,1,4
103,东湖支行,武汉市武昌区东湖路50号,VIP客户插队，普通客户等待时间过长,2023-02-24,2023-03-01,4.82,19,203,6,3,21,8866,2,1
104,高新支行,深圳市南山区科技园路88号,理财产品收益与承诺不符,2023-06-09,2023-06-14,1.23,19,321,3,3,46,16654,4,4
105,北站支行,广州市天河区天河路300号,ATM机又坏了，这周第三次了,2023-05-29,2023-06-03,3.29,5,154,4,4,21,18839,4,3
106,南湖支行,杭州市西湖区南山路120号,窗口太少，中午只有2个窗口开放,2023-04-20,2023-04-25,6.8,17,234,6,4,18,7207,3,4
107,大学城支行,南京市鼓楼区汉口路22号,新员工业务不熟，办个业务花了40分钟,2023-01-13,2023-01-14,7.94,13,144,5,5,49,13386,1,1
108,开发区支行,天津市滨海新区泰达大道66号,窗口太少，中午只有2个窗口开放,2023-01-23,2023-01-25,9.41,6,304,6,4,35,13707,2,4
109,机场支行,成都市双流区机场路500号,ATM机又坏了，这周第三次了,2023-06-26,2023-07-01,9.46,9,411,6,3,20,17063,4,2
110,港口支行,青岛市黄岛区港口路88号,转账手续费太高，没有提前告知,2023-02-27,2023-03-04,3.97,15,189,6,4,35,18705,3,1
101,市中心支行,北京市朝阳区建国路100号,系统故障导致转账失败，资金被冻结,2023-05-27,2023-05-29,3.12,17,280,6,4,40,8483,3,3
102,西区支行,上海市徐汇区淮海中路200号,ATM机又坏了，这周第三次了,2023-06-17,2023-06-21,8.19,19,151,6,2,40,19824,2,2
103,东湖支行,武汉市武昌区东湖路50号,新员工业务不熟，办个业务花了40分钟,2023-04-24,2023-04-25,7.06,6,104,6,5,20,7295,2,1
104,高新支行,深圳市南山区科技园路88号,ATM机又坏了，这周第三次了,2023-05-24,2023-05-26,9.6,15,325,7,3,30,18869,1,2
105,北站支行,广州市天河区天河路300号,新员工业务不熟，办个业务花了40分钟,2023-03-28,2023-03-30,3.11,10,309,4,3,22,16486,2,3
106,南湖支行,杭州市西湖区南山路120号,排队时间太长，等了1个多小时还没轮到,2023-05-04,2023-05-08,2.07,17,107,6,2,42,12888,4,3
107,大学城支行,南京市鼓楼区汉口路22号,转账手续费太高，没有提前告知,2023-04-28,2023-05-03,8.03,15,450,6,5,15,16944,4,4
108,开发区支行,天津市滨海新区泰达大道66号,信用卡年费收取后拒绝退还,2023-03-28,2023-03-29,9.54,12,419,5,3,21,10258,1,1
109,机场支行,成都市双流区机场路500号,排队时间太长，等了1个多小时还没轮到,2023-02-27,2023-03-03,9.23,11,410,4,3,15,14475,4,3
110,港口支行,青岛市黄岛区港口路88号,排队时间太长，等了1个多小时还没轮到,2023-04-08,2023-04-13,7.46,17,453,3,4,25,11593,2,3
101,市中心支行,北京市朝阳区建国路100号,VIP客户插队，普通客户等待时间过长,2023-05-26,2023-05-30,4.23,14,107,6,4,39,11976,3,3
102,西区支行,上海市徐汇区淮海中路200号,排队时间太长，等了1个多小时还没轮到,2023-04-10,2023-04-13,7.92,8,187,4,3,38,13277,4,1
103,东湖支行,武汉市武昌区东湖路50号,排队时间太长，等了1个多小时还没轮到,2023-02-27,2023-02-28,8.44,8,200,6,5,37,9009,3,3
104,高新支行,深圳市南山区科技园路88号,窗口太少，中午只有2个窗口开放,2023-05-14,2023-05-18,0.94,14,351,4,4,17,14135,3,2
105,北站支行,广州市天河区天河路300号,柜员态度很差，办理业务时一直不耐烦,2023-01-09,2023-01-14,4.57,13,448,5,5,22,6196,2,4
106,南湖支行,杭州市西湖区南山路120号,VIP客户插队，普通客户等待时间过长,2023-02-13,2023-02-18,3.24,12,346,5,3,10,8743,1,1
107,大学城支行,南京市鼓楼区汉口路22号,信用卡年费收取后拒绝退还,2023-03-29,2023-04-03,5.07,7,216,5,4,48,8674,2,2
108,开发区支行,天津市滨海新区泰达大道66号,转账手续费太高，没有提前告知,2023-06-08,2023-06-11,6.41,17,215,7,5,36,6105,4,1
109,机场支行,成都市双流区机场路500号,ATM机又坏了，这周第三次了,2023-04-17,2023-04-19,2.78,14,253,7,5,32,18577,3,3
110,港口支行,青岛市黄岛区港口路88号,信用卡年费收取后拒绝退还,2023-02-21,2023-02-24,7.64,9,477,3,2,31,15593,4,1
101,市中心支行,北京市朝阳区建国路100号,转账手续费太高，没有提前告知,2023-06-17,2023-06-22,2.64,8,296,5,5,30,11242,4,2
102,西区支行,上海市徐汇区淮海中路200号,转账手续费太高，没有提前告知,2023-06-15,2023-06-16,8.48,17,287,4,5,14,17692,2,4
103,东湖支行,武汉市武昌区东湖路50号,ATM机又坏了，这周第三次了,2023-06-27,2023-07-01,8.32,8,498,4,5,38,17167,1,4
104,高新支行,深圳市南山区科技园路88号,ATM机又坏了，这周第三次了,2023-02-26,2023-03-01,3.65,11,145,6,3,36,19201,3,3
105,北站支行,广州市天河区天河路300号,窗口太少，中午只有2个窗口开放,2023-04-11,2023-04-16,5.32,7,466,5,5,45,18281,1,4
106,南湖支行,杭州市西湖区南山路120号,系统故障导致转账失败，资金被冻结,2023-05-27,2023-05-28,3.85,8,422,4,2,32,8252,4,4
107,大学城支行,南京市鼓楼区汉口路22号,信用卡年费收取后拒绝退还,2023-02-07,2023-02-08,4.54,9,450,7,3,15,6380,1,2
108,开发区支行,天津市滨海新区泰达大道66号,窗口太少，中午只有2个窗口开放,2023-02-24,2023-02-25,2.41,11,184,7,5,12,13575,3,2
109,机场支行,成都市双流区机场路500号,窗口太少，中午只有2个窗口开放,2023-04-06,2023-04-11,7.43,16,431,5,4,45,15990,1,1
110,港口支行,青岛市黄岛区港口路88号,ATM机又坏了，这周第三次了,2023-04-11,2023-04-12,7.71,14,405,7,2,36,5205,1,2
